driverId,name,ssn,location,certified,wage-plan
10,Jason Johnson,458-61-3501,"7112 Wyatt Springs
New Troyburgh, TN 48513",N,hours
11,Larry Vaughan,688-64-8307,"871 Cain Trafficway
West Carlchester, VA 79167",Y,miles
12,Robert Cooper,169-26-5734,"943 Mark Corners
Ayersbury, MT 25772",N,hours
13,Susan Green,084-63-9357,"59033 Hendricks Inlet Apt. 099
New Heather, NM 46529",Y,hours
14,Emma Floyd,511-63-7295,"2119 Hays Mills
Port Chelsea, VI 93956",N,miles
15,Lisa Miller,090-49-4745,"252 King Walk Suite 617
Feliciafort, AS 20165",N,hours
16,James Jackson,438-46-0646,"65262 Poole Way Apt. 084
Lake Ambershire, DE 63273",Y,miles
17,William Thomas,736-20-7396,"Unit 8402 Box 5762
DPO AE 23794",Y,hours
18,Daniel Pacheco,719-27-2430,"423 Bryce Mission
East Michaelburgh, CA 87136",N,miles
19,Ryan Hicks,852-42-8238,"PSC 5825, Box 4417
APO AA 81981",Y,hours
20,Nicholas Franco,716-99-1303,"03347 Flores Glens Apt. 971
Ryanstad, PW 49507",N,hours
21,Carla Gonzalez,420-11-2513,"4711 Clark Burgs
Lake Melissaville, AK 11645",N,miles
22,Bryan Gonzalez,307-59-5313,"Unit 4689 Box 3469
DPO AP 80681",N,miles
23,Natalie Forbes,625-30-9183,"95112 Linda Viaduct
South Jessica, ND 46078",Y,hours
24,Jacqueline Williams,060-96-8048,"41351 Yolanda Stream Suite 133
Rickyborough, IL 49701",Y,miles
25,Shelby Walker,383-77-1107,"82476 Waller Forge Suite 792
South Brandon, WA 27013",N,hours
26,Laura Li,059-72-4320,"257 Johnson Inlet
Fuentesport, DC 82539",N,miles
27,Maria Roberts,174-96-9177,"34829 Derek Park Suite 462
Robertsbury, LA 16763",Y,hours
28,Joseph Reynolds,153-44-5240,"03840 Melissa Divide Apt. 175
North Michaeltown, NY 17171",N,miles
29,Lance Martinez,442-20-0425,"Unit 7808 Box 0816
DPO AE 31135",N,hours
30,Charles Gray MD,609-73-8664,"215 Monique Village
North Robert, IN 29629",Y,hours
31,Eileen Jones,003-17-7314,"26188 Weeks Shores
Lewismouth, CO 57611",N,hours
32,Joshua Shelton,208-61-8269,"1913 Randolph Loaf
Allenberg, SC 41655",N,miles
33,Vickie Johnson,051-68-1216,"2703 Jordan Ports Suite 336
East Elaine, ME 42246",N,miles
34,Peggy Maynard,504-77-6149,"000 Jeffrey Estates
Jenniferfort, NJ 99911",Y,hours
35,James Nicholson,640-87-0833,"Unit 0095 Box 5161
DPO AA 45898",Y,hours
36,Andrew Clark,365-14-4156,"1712 Reynolds Ports Apt. 415
South David, MS 18058",Y,miles
37,Mr. Scott Ponce,254-51-7460,"88287 Armstrong Views Apt. 506
Ronaldshire, ME 32910",N,hours
38,Brooke Williams,402-68-6534,"262 Obrien Rue
Lauriechester, MS 57107",Y,miles
39,Gregory Perez,326-82-3660,"5646 Donna Viaduct Apt. 793
South Tiffanyburgh, FL 46764",N,hours
40,Erica Rose,727-63-1544,"4205 Adam Curve
Gonzalesburgh, HI 42223",N,miles
41,Kelsey Sanchez,099-34-9795,"474 Christine Mill
Simpsonbury, NJ 26125",Y,hours
42,Jennifer Lester,517-14-2674,"5448 Harrison Unions
West Michael, TX 72452",Y,miles
43,Michael Fry,225-13-0361,"5125 Collier Cliff
Amberview, NY 11967",Y,hours
44,Ryan Coleman,397-68-6092,"206 Thomas Lake Suite 162
North Jenniferchester, VT 24819",N,hours
45,Jennifer Williams,744-40-0763,"2472 Amanda Inlet Apt. 760
Chloemouth, NJ 73274",N,miles
46,Robert Johnson,846-28-8444,"830 Connie Plaza Apt. 866
East Alyssa, NM 78860",Y,miles
47,David Brown,355-26-2471,"50938 Joshua Causeway
Nashport, RI 15397",N,hours
48,Mr. Corey Fields,740-01-9682,"84281 Jesse Unions Apt. 683
Kellyside, AL 52986",N,miles
49,Kaitlyn Griffin,359-99-3290,"PSC 6630, Box 9681
APO AA 89203",N,miles
50,David Pollard,121-58-4988,"37443 Joseph Landing Suite 596
North Matthewland, OK 84369",N,miles
51,Adam Myers,439-24-5975,"USCGC Macdonald
FPO AE 09413",N,hours
52,Kevin Schmitt,826-15-3351,"0137 David Villages Apt. 253
Austinmouth, VT 18214",N,miles
53,Ashley Harvey,315-24-6806,"135 Woodward Cliff Apt. 612
New Veronica, PR 84831",N,miles
54,Joseph Barry,021-30-8028,"29267 Graves Extensions Apt. 994
Charlesbury, CT 92072",N,hours
55,Jillian Pineda,240-34-1736,"93555 Peter Road
Isaacchester, VT 26170",Y,hours
56,Martin Clark,554-55-2337,"511 Cox Landing Apt. 710
Lake Jeremiahchester, DE 07225",N,hours
57,Jessica Spencer,138-65-8553,"3245 Lyons Creek Suite 443
North Jessica, AS 72101",Y,miles
58,Paul Myers,754-90-0686,"USS Cruz
FPO AP 52016",N,hours
59,Sara Rollins,330-09-1585,"563 Kaufman Trace
Harrisfurt, CA 43130",N,miles
60,Wyatt Hunt,334-55-1935,"9073 Joshua Village
Port Cameron, AR 44651",N,hours
61,Kristi Thompson,037-19-1000,"1012 Curtis Centers
Katherinechester, OR 66382",Y,miles
62,Vanessa Chen,651-74-4994,"0447 Edwards Stravenue Suite 137
North Jimmy, DE 25820",Y,hours
63,Christopher Proctor,294-04-3290,"91978 Wilson Centers Suite 228
Lake Steventown, ME 26338",Y,hours
64,Valerie Gordon,875-23-6608,"8256 Joseph Plains
Meagantown, OK 72876",Y,hours
65,Ashley Pierce,662-45-3038,"4381 Zachary Circles
Arnoldside, MT 55675",N,hours
66,Christian Richardson,413-43-1559,"500 Dennis Lane
West Kurt, CO 41722",N,miles
67,Daniel Sullivan,273-51-2930,"3058 Teresa Alley
Jennychester, MI 50325",Y,miles
68,Bonnie King MD,557-23-7989,"73979 Thomas Mountain
Keithport, AL 38367",N,miles
69,Antonio Parker,122-38-3962,"3567 Blevins Course Apt. 660
Coffeyfort, UT 43934",Y,hours
70,Molly Williamson,251-53-7583,"0219 Ryan Brook Apt. 680
Johnside, PA 14296",N,miles
71,Walter Ruiz,734-33-8786,"1239 Tracy Neck
Lake Paul, MN 14784",N,hours
72,Tiffany Blake,326-24-7440,"739 Kirby Ports
Port Joshua, NC 30581",N,hours
73,Charles Caldwell,348-68-5922,"089 Joel Islands
Whiteville, MO 45965",N,miles
74,Leslie Hill,801-88-2014,"08769 Harris Springs Apt. 452
Lake William, OK 90967",Y,hours
75,James Patel,078-67-1134,"7948 Carpenter Motorway
Morrisonmouth, NJ 36176",N,miles
76,Peter Nguyen,045-19-4611,"3863 Williams Lock Apt. 235
Lake Marcus, FM 73155",Y,hours
77,Travis Williams,829-74-2137,"68216 Martin Camp Suite 513
New Ashleechester, CT 76429",N,miles
78,April Hendricks,698-17-3311,"583 Sandra Summit Suite 959
Lake David, WV 70437",N,miles
79,Cheryl Torres,800-76-0164,"PSC 3743, Box 3376
APO AA 05674",Y,miles
80,Paula Stone,465-41-4487,"865 Powell Rue
Williamsview, WY 58502",Y,miles
81,John Wright,558-08-6097,"572 Michele Rapid Apt. 421
Santostown, MS 65265",Y,hours
82,Steven Moore,852-85-2634,"3784 King Roads
Ericaburgh, CO 04549",N,miles
83,Shirley Horne,038-23-8529,"2385 Jacqueline Curve Suite 262
Port Maryland, KS 15777",Y,hours
84,John Franklin,336-51-8616,"8723 Michael Trace
East Katherinefort, FM 75073",Y,hours
85,Joel Alvarez,259-78-4310,"70894 Lisa Loaf Suite 724
North Sandrashire, KY 88469",Y,hours
86,Vincent Mercer,208-79-5298,"PSC 7705, Box 5198
APO AE 62859",N,hours
87,Tracy Reed,593-36-4680,"668 Williams Corner Apt. 128
Herreraside, TX 61058",N,miles
88,James Rodriguez,474-43-0919,"086 Moran Walk
Michaelton, GU 10662",N,hours
89,William Mccormick,746-73-6647,"88869 Spencer Isle Suite 574
Jamesmouth, AK 82594",N,hours
90,Abigail Melton,081-14-1044,"225 Evans Camp
Christinaburgh, MD 26426",Y,miles
91,Melanie Anderson,757-69-0902,"061 Sarah Road Apt. 924
East Mario, ID 35765",N,hours
92,Brian Montgomery,364-71-9483,"32398 Teresa Mount Suite 225
Pageton, AR 67113",Y,hours
93,Mr. Michael Roach,374-77-9451,"1131 Stephanie Summit Suite 636
South Paulaborough, MP 03772",N,hours
94,Denise Woods,084-54-9976,"50545 Burnett Canyon
East Denise, DC 47303",Y,miles
95,Christina Evans,077-36-4005,"0677 Donna Pike
New Tiffanyton, AZ 66035",N,miles
96,Sarah Williams,014-62-5533,"149 Casey Viaduct Suite 783
Sheriville, WA 01158",N,hours
97,Katie Nunez,457-73-2991,"9149 Jennifer Prairie
Mcdonaldstad, CA 52397",N,hours
98,Melissa Williams,209-10-0811,"432 Henderson Harbor Apt. 060
Mistyshire, WV 02419",Y,hours
99,Joel Moore,197-37-4802,"680 Robert Light
Claymouth, DE 57874",N,hours
100,Timothy Herman,682-40-6281,"Unit 5520 Box 5352
DPO AA 74634",Y,hours
101,Jessica Carter,211-20-4613,"5976 Zachary Roads Suite 727
New Zachary, PW 34991",Y,miles
102,Keith Delgado,079-64-6933,"8629 Taylor Shoals Apt. 076
South Brett, OK 86634",N,miles
103,Derek Brown,231-87-9897,"519 Jeffrey Bridge Suite 872
West Erin, NY 67947",N,hours
104,Eric Mitchell,842-97-7480,"56106 Kristina Islands
Lake Maria, NM 72168",Y,miles
105,Oscar Pace,366-01-4583,"930 Sandra Prairie Apt. 558
Nicoleside, UT 28107",N,miles
106,Jamie Wallace,857-46-1182,"37769 Webb Pine Apt. 506
Lake Danielleburgh, VA 19267",N,hours
107,James Jordan,294-96-4296,"20720 Sweeney Bridge
Lake Ryanmouth, CO 89271",Y,hours
108,Whitney Wilson,246-19-9716,"345 Martin Creek
Lake David, CT 08403",N,miles
109,Scott Gould,350-20-7451,"528 David Corner
Lake Angelaville, TN 11593",Y,hours
